{
  "daily_img_cd_250264560554999808": {
    "value": 32688.813593387604,
    "time_based": true,
    "saved_at": 1743669620.9754324
  },
  "daily_img_cd_170479538151751682": {
    "value": 0,
    "time_based": true,
    "saved_at": 1743669620.9754324
  },
  "kringpic_img_cd_250264560554999808": {
    "value": 0,
    "time_based": true,
    "saved_at": 1743669620.9754324
  },
  "no_cd_kringpic_250264560554999808": {
    "value": false,
    "time_based": false,
    "saved_at": null
  },
  "kringpic_img_cd_170479538151751682": {
    "value": 0,
    "time_based": true,
    "saved_at": 1743669620.9754324
  },
  "512550572864307222_deleted": {
    "value": [
      [
        1355001773894668451,
        "\u2705 No recently deleted messages found for **Kringbot**.",
        "kringbot-spam",
        1743669639.16,
        1743669645.3011491
      ]
    ],
    "time_based": false,
    "saved_at": null
  },
  "512550572864307222_edited": {
    "value": [],
    "time_based": false,
    "saved_at": null
  }
}