{
  "daily_img_cd_170479538151751682": {
    "value": 43200,
    "time_based": true,
    "saved_at": 1743652204.397789
  },
  "kringpic_img_cd_170479538151751682": {
    "value": 65,
    "time_based": true,
    "saved_at": 1743652625.0061715
  },
  "daily_img_cd_217668205597032448": {
    "value": 43200,
    "time_based": true,
    "saved_at": 1743652724.1462429
  }
}